molecule,functional,basis,r_A,theta_deg,energy_Eh,dipole_D,gap_eV,err_r_pct,err_theta_deg,err_dipole_pct,time_s
H2O,"lda,vwn",sto-3g,1.0308381618774438,96.7377974703993,-74.74310895651391,1.6454990395022824,8.7522952680849,7.693080012269511,-7.782202529600696,-11.293852317936258,9.835600852966309
H2O,"lda,vwn",6-31g,0.9844775098695695,108.52946355080564,-75.81990094188902,2.4570005780581035,6.872004531075265,2.8497189583754126,4.009463550805648,32.452861350841154,14.598805904388428
H2O,"lda,vwn",6-31g*,0.9761980017377919,103.86214027081623,-75.84155449962209,2.1381461565410995,7.290015392279402,1.984747360822385,-0.6578597291837696,15.263943748846337,13.98681092262268
H2O,"lda,vwn",cc-pvdz,0.9768636180594079,102.4619356762505,-75.85537066170559,1.9848207359003283,6.9199930105630685,2.054285213059743,-2.058064323749491,6.998422420502872,16.547900199890137
H2O,pbe,sto-3g,1.0374870465104309,96.16121100373744,-75.2385511985755,1.5519829384482475,8.70380390670578,8.387698131052113,-8.358788996262561,-16.335151566132208,12.361199378967285
H2O,pbe,6-31g,0.985749920636411,106.98426670234315,-76.29981437483505,2.3747085432238917,6.874912703294037,2.9826494605527505,2.464266702343153,28.016633057891738,17.016687154769897
H2O,pbe,6-31g*,0.9767663000117596,102.98037093875936,-76.32045014225668,2.0613038599257796,7.278480619840292,2.0441182628248558,-1.5396290612406318,11.121501882791353,18.600841760635376
H2O,pbe,cc-pvdz,0.9769869122090632,101.66726958453009,-76.33418590594638,1.9046247759526302,6.879482165026265,2.0671659223843655,-2.8527304154699067,2.675190078308909,22.32279634475708
H2O,b3lyp,sto-3g,1.0271448126832001,97.18625510496526,-75.32277476473278,1.5936611474712794,12.253173657164218,7.307230744170504,-7.333744895034741,-14.088347845214049,14.67061972618103
H2O,b3lyp,6-31g,0.9758607234639913,108.30302220331298,-76.38611668800732,2.3986040175847494,9.317731051840017,1.9495114358536647,3.7830222033129814,29.3047987916307,18.58194589614868
H2O,b3lyp,6-31g*,0.9686610040581118,103.86586490909707,-76.40702405175456,2.087110880472751,9.672528164685806,1.1973468510354983,-0.6541350909029262,12.512715928450199,22.54720902442932
H2O,b3lyp,cc-pvdz,0.968648526585788,102.73234399198583,-76.42062706823626,1.9379835581052312,9.169538784053467,1.1960433123472616,-1.7876560080141672,4.473507175484159,25.57752823829651
